Name,Phone,Address
Pauly Wilkins,(647) 815-1271,4122 Testing Road
John Kal,(644) 522-1234,1234 Someroad St
John Kal,(644) 522-1234,1234 Someroad St
Pauly Wilkins,(647) 088-9838,4122 Testing Road
John Kal,(644) 522-1234,1234 Someroad St
John Kal,(644) 522-1234,1234 Someroad St
Pauly Wilkins,(647) 058-3201,4122 Testing Road
John Kal,(644) 522-1234,1234 Someroad St
John Kal,(644) 522-1234,1234 Someroad St
Pauly Wilkins,(647) 100-9554,4122 Testing Road
John Kal,(644) 522-1234,1234 Someroad St
John Kal,(644) 522-1234,1234 Someroad St
Pauly Wilkins,(647) 752-0378,4122 Testing Road
John Kal,(644) 522-1234,1234 Someroad St
John Kal,(644) 522-1234,1234 Someroad St
Pauly Wilkins,(647) 864-7079,4122 Testing Road
John Kal,(644) 522-1234,1234 Someroad St
John Kal,(644) 522-1234,1234 Someroad St
Pauly Wilkins,(647) 455-6154,4122 Testing Road
John Kal,(644) 522-1234,1234 Someroad St
John Kal,(644) 522-1234,1234 Someroad St
